[
  {
    "id": "1",
    "nombre": "Actualización de software",
    "numero": "INC-001",
    "idExterno": "EXT-1001",
    "estado": "Abierto",
    "resumen": "Actualización de software",
    "breveDescripcion": "Actualizar versión de sistema",
    "elementoConfiguracion": "Servidor Web",
    "fechaCreacion": "2025-10-03",
    "prioridad": "Crítico",
    "puntuacionRiesgo": 8,
    "grupoAsignacion": "IT Ops",
    "asignadoA": "Juan Pérez",
    "sites": "Madrid",
    "vulnerabilidad": "CVE-2025-1001",
    "vulnerabilitySolution": "Actualizar a v2.1",
    "creado": "2025-10-03",
    "actualizado": "2025-09-10",
    "followUp": false,
    "soonDue": true
  },
  {
    "id": "2",
    "nombre": "Fallo de red",
    "numero": "INC-002",
    "idExterno": "EXT-1002",
    "estado": "Cerrado",
    "resumen": "Fallo de red",
    "breveDescripcion": "Pérdida de conectividad",
    "elementoConfiguracion": "Router Central",
    "fechaCreacion": "2025-09-29",
    "prioridad": "Medio",
    "puntuacionRiesgo": 5,
    "grupoAsignacion": "Redes",
    "asignadoA": "Ana Gómez",
    "sites": "Barcelona",
    "vulnerabilidad": "CVE-2025-1002",
    "vulnerabilitySolution": "Reemplazar router",
    "creado": "2025-09-29",
    "actualizado": "2025-09-02",
    "followUp": false,
    "soonDue": false
  },
  {
    "id": "3",
    "nombre": "Error de login",
    "numero": "INC-003",
    "idExterno": "EXT-1003",
    "estado": "En progreso",
    "resumen": "Error de login",
    "breveDescripcion": "Usuarios no pueden acceder",
    "elementoConfiguracion": "Portal Empleados",
    "fechaCreacion": "2025-09-05",
    "prioridad": "Alto",
    "puntuacionRiesgo": 7,
    "grupoAsignacion": "Soporte",
    "asignadoA": "Luis Torres",
    "sites": "Valencia",
    "vulnerabilidad": "CVE-2025-1003",
    "vulnerabilitySolution": "Restablecer contraseñas",
    "creado": "2025-09-05",
    "actualizado": "2025-09-11",
    "followUp": false,
    "soonDue": false
  },
  {
    "id": "4",
    "nombre": "Backup fallido",
    "numero": "INC-004",
    "idExterno": "EXT-1004",
    "estado": "Abierto",
    "resumen": "Backup fallido",
    "breveDescripcion": "No se realizó copia",
    "elementoConfiguracion": "Servidor Backup",
    "fechaCreacion": "2025-09-03",
    "prioridad": "Crítico",
    "puntuacionRiesgo": 9,
    "grupoAsignacion": "IT Ops",
    "asignadoA": "Marta Ruiz",
    "sites": "Sevilla",
    "vulnerabilidad": "CVE-2025-1004",
    "vulnerabilitySolution": "Revisar scripts",
    "creado": "2025-09-03",
    "actualizado": "2025-09-10",
    "followUp": true,
    "soonDue": false
  },
  {
    "id": "5",
    "nombre": "Actualización antivirus",
    "numero": "INC-005",
    "idExterno": "EXT-1005",
    "estado": "Cerrado",
    "resumen": "Actualización antivirus",
    "breveDescripcion": "Antivirus desactualizado",
    "elementoConfiguracion": "PC-Admin",
    "fechaCreacion": "2025-08-20",
    "prioridad": "Bajo",
    "puntuacionRiesgo": 3,
    "grupoAsignacion": "Seguridad",
    "asignadoA": "Carlos Díaz",
    "sites": "Bilbao",
    "vulnerabilidad": "CVE-2025-1005",
    "vulnerabilitySolution": "Actualizar firmas",
    "creado": "2025-08-20",
    "actualizado": "2025-08-21",
    "followUp": false,
    "soonDue": false
  },
  {
    "id": "6",
    "nombre": "Fallo impresora",
    "numero": "INC-006",
    "idExterno": "EXT-1006",
    "estado": "En progreso",
    "resumen": "Fallo impresora",
    "breveDescripcion": "No imprime documentos",
    "elementoConfiguracion": "Impresora HP",
    "fechaCreacion": "2025-09-07",
    "prioridad": "Medio",
    "puntuacionRiesgo": 4,
    "grupoAsignacion": "Soporte",
    "asignadoA": "Elena López",
    "sites": "Madrid",
    "vulnerabilidad": "CVE-2025-1006",
    "vulnerabilitySolution": "Revisar drivers",
    "creado": "2025-09-07",
    "actualizado": "2025-09-12",
    "followUp": false,
    "soonDue": false
  },
  {
    "id": "7",
    "nombre": "Acceso no autorizado",
    "numero": "INC-007",
    "idExterno": "EXT-1007",
    "estado": "Abierto",
    "resumen": "Acceso no autorizado",
    "breveDescripcion": "Intento de acceso sospechoso",
    "elementoConfiguracion": "Firewall",
    "fechaCreacion": "2025-09-09",
    "prioridad": "Alto",
    "puntuacionRiesgo": 8,
    "grupoAsignacion": "Seguridad",
    "asignadoA": "Pedro Martín",
    "sites": "Valencia",
    "vulnerabilidad": "CVE-2025-1007",
    "vulnerabilitySolution": "Bloquear IP",
    "creado": "2025-09-09",
    "actualizado": "2025-09-10",
    "followUp": false,
    "soonDue": false
  },
  {
    "id": "8",
    "nombre": "Actualización de firmware",
    "numero": "INC-008",
    "idExterno": "EXT-1008",
    "estado": "Cerrado",
    "resumen": "Actualización de firmware",
    "breveDescripcion": "Firmware obsoleto",
    "elementoConfiguracion": "Switch Core",
    "fechaCreacion": "2025-08-30",
    "prioridad": "Medio",
    "puntuacionRiesgo": 5,
    "grupoAsignacion": "Redes",
    "asignadoA": "Sara Gil",
    "sites": "Sevilla",
    "vulnerabilidad": "CVE-2025-1008",
    "vulnerabilitySolution": "Actualizar firmware",
    "creado": "2025-08-30",
    "actualizado": "2025-09-01",
    "followUp": false,
    "soonDue": false
  },
  {
    "id": "9",
    "nombre": "Fallo disco duro",
    "numero": "INC-009",
    "idExterno": "EXT-1009",
    "estado": "Abierto",
    "resumen": "Fallo disco duro",
    "breveDescripcion": "Sector dañado",
    "elementoConfiguracion": "Servidor DB",
    "fechaCreacion": "2025-09-02",
    "prioridad": "Crítico",
    "puntuacionRiesgo": 10,
    "grupoAsignacion": "IT Ops",
    "asignadoA": "Javier Cano",
    "sites": "Madrid",
    "vulnerabilidad": "CVE-2025-1009",
    "vulnerabilitySolution": "Reemplazar disco",
    "creado": "2025-09-02",
    "actualizado": "2025-09-10",
    "followUp": true,
    "soonDue": false
  },
  {
    "id": "10",
    "nombre": "Problema VPN",
    "numero": "INC-010",
    "idExterno": "EXT-1010",
    "estado": "En progreso",
    "resumen": "Problema VPN",
    "breveDescripcion": "No conecta VPN",
    "elementoConfiguracion": "Gateway VPN",
    "fechaCreacion": "2025-09-06",
    "prioridad": "Alto",
    "puntuacionRiesgo": 7,
    "grupoAsignacion": "Soporte",
    "asignadoA": "Lucía Ramos",
    "sites": "Barcelona",
    "vulnerabilidad": "CVE-2025-1010",
    "vulnerabilitySolution": "Revisar configuración",
    "creado": "2025-09-06",
    "actualizado": "2025-09-11",
    "followUp": false,
    "soonDue": false
  },
  {
    "id": "11",
    "nombre": "Actualización de políticas",
    "numero": "INC-011",
    "idExterno": "EXT-1011",
    "estado": "Cerrado",
    "resumen": "Actualización de políticas",
    "breveDescripcion": "Política de seguridad antigua",
    "elementoConfiguracion": "Active Directory",
    "fechaCreacion": "2025-08-28",
    "prioridad": "Medio",
    "puntuacionRiesgo": 6,
    "grupoAsignacion": "Seguridad",
    "asignadoA": "Miguel Ángel",
    "sites": "Bilbao",
    "vulnerabilidad": "CVE-2025-1011",
    "vulnerabilitySolution": "Actualizar políticas",
    "creado": "2025-08-28",
    "actualizado": "2025-09-03",
    "followUp": false,
    "soonDue": false
  },
  {
    "id": "12",
    "nombre": "Fallo de energía",
    "numero": "INC-012",
    "idExterno": "EXT-1012",
    "estado": "Abierto",
    "resumen": "Fallo de energía",
    "breveDescripcion": "Corte inesperado",
    "elementoConfiguracion": "UPS Central",
    "fechaCreacion": "2025-09-04",
    "prioridad": "Alto",
    "puntuacionRiesgo": 8,
    "grupoAsignacion": "IT Ops",
    "asignadoA": "Patricia Vera",
    "sites": "Valencia",
    "vulnerabilidad": "CVE-2025-1012",
    "vulnerabilitySolution": "Revisar UPS",
    "creado": "2025-09-04",
    "actualizado": "2025-09-10",
    "followUp": false,
    "soonDue": false
  },
  {
    "id": "13",
    "nombre": "Error de aplicación",
    "numero": "INC-013",
    "idExterno": "EXT-1013",
    "estado": "En progreso",
    "resumen": "Error de aplicación",
    "breveDescripcion": "App no responde",
    "elementoConfiguracion": "App Ventas",
    "fechaCreacion": "2025-09-08",
    "prioridad": "Medio",
    "puntuacionRiesgo": 5,
    "grupoAsignacion": "Soporte",
    "asignadoA": "David Romero",
    "sites": "Sevilla",
    "vulnerabilidad": "CVE-2025-1013",
    "vulnerabilitySolution": "Reiniciar app",
    "creado": "2025-09-08",
    "actualizado": "2025-09-12",
    "followUp": false,
    "soonDue": false
  },
  {
    "id": "14",
    "nombre": "Actualización de drivers",
    "numero": "INC-014",
    "idExterno": "EXT-1014",
    "estado": "Cerrado",
    "resumen": "Actualización de drivers",
    "breveDescripcion": "Drivers obsoletos",
    "elementoConfiguracion": "PC-Soporte",
    "fechaCreacion": "2025-08-22",
    "prioridad": "Bajo",
    "puntuacionRiesgo": 2,
    "grupoAsignacion": "IT Ops",
    "asignadoA": "Cristina León",
    "sites": "Madrid",
    "vulnerabilidad": "CVE-2025-1014",
    "vulnerabilitySolution": "Actualizar drivers",
    "creado": "2025-08-22",
    "actualizado": "2025-08-23",
    "followUp": false,
    "soonDue": false
  },
  {
    "id": "15",
    "nombre": "Fallo de correo",
    "numero": "INC-015",
    "idExterno": "EXT-1015",
    "estado": "Abierto",
    "resumen": "Fallo de correo",
    "breveDescripcion": "No llegan emails",
    "elementoConfiguracion": "Servidor Exchange",
    "fechaCreacion": "2025-09-01",
    "prioridad": "Alto",
    "puntuacionRiesgo": 9,
    "grupoAsignacion": "Soporte",
    "asignadoA": "Alberto Ruiz",
    "sites": "Barcelona",
    "vulnerabilidad": "CVE-2025-1015",
    "vulnerabilitySolution": "Revisar logs",
    "creado": "2025-09-01",
    "actualizado": "2025-09-10",
    "followUp": false,
    "soonDue": false
  }
]